name,img,threeD,in: Max Height,in: Average Tower Floorplate,in: Position Index,out: Plaza Analysis Area,out: Average Daylight Hours Equinox,out: Facade Analysis Area,out: Area with View,out: Empire State,out: Central Park,out: East River,out: Daylight Evaluation Score
0000,design_explorer_data/kpf/Images/0000.png,design_explorer_data/kpf/Json/0000.json,644.0,30000.0,5,37775.0,5.154213,488039.896373,185502.64149,57994.83454,88305.723673,50316.07596,84.538333
0001,design_explorer_data/kpf/Images/0001.png,design_explorer_data/kpf/Json/0001.json,658.0,29010.0,5,37775.0,5.154213,491133.204294,188468.947006,58768.16152,89852.377633,52359.426996,85.8025
0002,design_explorer_data/kpf/Images/0002.png,design_explorer_data/kpf/Json/0002.json,686.0,27771.428571,5,37775.0,5.154213,500970.640526,198675.0382,61227.520578,94771.095749,58819.340592,86.541667
0003,design_explorer_data/kpf/Images/0003.png,design_explorer_data/kpf/Json/0003.json,714.0,26318.181818,5,37775.0,5.154213,507438.865417,205523.994125,62844.576801,98005.208195,63297.219412,87.313333
0004,design_explorer_data/kpf/Images/0004.png,design_explorer_data/kpf/Json/0004.json,770.0,24300.0,5,37775.0,5.154213,523938.608555,222217.427817,66969.512585,106255.079764,73861.805275,87.051667
0005,design_explorer_data/kpf/Images/0005.png,design_explorer_data/kpf/Json/0005.json,840.0,21849.056604,5,37775.0,5.154213,538272.874606,236362.576905,70553.079098,113230.509894,87277.21193,86.963333
0006,design_explorer_data/kpf/Images/0006.png,design_explorer_data/kpf/Json/0006.json,672.0,28068.292683,5,37775.0,5.154213,494226.512215,192342.95021,60399.82567,91745.588292,54983.286145,86.4325
0007,design_explorer_data/kpf/Images/0007.png,design_explorer_data/kpf/Json/0007.json,700.0,26902.325581,5,37775.0,5.154213,504063.948448,202367.330631,62859.184728,96664.306408,61100.711857,87.063333
0008,design_explorer_data/kpf/Images/0008.png,design_explorer_data/kpf/Json/0008.json,728.0,25520.0,5,37775.0,5.154213,510532.173339,209027.733126,64476.240951,99898.418854,65797.94958,87.424167
0009,design_explorer_data/kpf/Images/0009.png,design_explorer_data/kpf/Json/0009.json,784.0,23608.163265,5,37775.0,5.154213,527031.916476,225527.476263,68601.176735,108148.290422,75784.156006,87.414167
0010,design_explorer_data/kpf/Images/0010.png,design_explorer_data/kpf/Json/0010.json,854.0,21266.666667,5,37775.0,5.154213,541366.182528,239861.742315,72184.743248,115315.423448,90127.045959,88.041667
0011,design_explorer_data/kpf/Images/0011.png,design_explorer_data/kpf/Json/0011.json,728.0,25840.0,5,37775.0,5.154213,513901.38468,214744.642212,65308.076955,102194.732478,70303.145236,87.524167
0012,design_explorer_data/kpf/Images/0012.png,design_explorer_data/kpf/Json/0012.json,756.0,24561.702128,5,37775.0,5.154213,520369.609571,221212.867103,66925.133178,105428.844923,75047.497212,88.005
0013,design_explorer_data/kpf/Images/0013.png,design_explorer_data/kpf/Json/0013.json,812.0,22800.0,5,37775.0,5.154213,536869.352708,237712.61024,71050.068962,113678.716492,85430.058831,87.9825
0014,design_explorer_data/kpf/Images/0014.png,design_explorer_data/kpf/Json/0014.json,882.0,20614.285714,5,37775.0,5.154213,551203.61876,252046.876292,74633.635475,120845.849517,100467.354283,88.4575
0015,design_explorer_data/kpf/Images/0015.png,design_explorer_data/kpf/Json/0015.json,784.0,23387.755102,5,37775.0,5.154213,526837.834462,230960.892285,69310.899816,109143.449588,83738.883043,87.846667
0016,design_explorer_data/kpf/Images/0016.png,design_explorer_data/kpf/Json/0016.json,840.0,21781.132075,5,37775.0,5.154213,543337.577599,247460.635423,73435.8356,117393.321157,95488.645716,88.18
0017,design_explorer_data/kpf/Images/0017.png,design_explorer_data/kpf/Json/0017.json,910.0,19758.62069,5,37775.0,5.154213,557671.843651,261794.901474,77019.402113,124560.454182,110062.371502,88.55
0018,design_explorer_data/kpf/Images/0018.png,design_explorer_data/kpf/Json/0018.json,882.0,20485.714286,5,37775.0,5.154213,552842.922979,258879.254587,75812.171945,123295.872589,109314.86084,87.878333
0019,design_explorer_data/kpf/Images/0019.png,design_explorer_data/kpf/Json/0019.json,966.0,18619.354839,5,37775.0,5.154213,574171.586788,280207.918397,81144.337898,133960.204494,127676.097761,88.365833
0020,design_explorer_data/kpf/Images/0020.png,design_explorer_data/kpf/Json/0020.json,1036.0,17104.477612,5,37775.0,5.154213,588505.85284,296881.064197,84727.904411,143357.608146,146435.224167,88.018333
0021,design_explorer_data/kpf/Images/0021.png,design_explorer_data/kpf/Json/0021.json,700.0,27237.209302,5,37775.0,5.154875,507019.304659,209323.390671,64498.866044,100656.835833,63502.900196,86.8575
0022,design_explorer_data/kpf/Images/0022.png,design_explorer_data/kpf/Json/0022.json,728.0,26160.0,5,37775.0,5.154875,516856.740891,219160.826904,66958.225103,105575.55395,69688.360308,87.876667
0023,design_explorer_data/kpf/Images/0023.png,design_explorer_data/kpf/Json/0023.json,756.0,24868.085106,5,37775.0,5.154875,523324.965782,225629.051795,68575.281325,108809.666395,74432.712284,87.889167
0024,design_explorer_data/kpf/Images/0024.png,design_explorer_data/kpf/Json/0024.json,812.0,23082.352941,5,37775.0,5.154875,539824.70892,242128.794932,72700.21711,117059.537964,84815.273903,88.138333
0025,design_explorer_data/kpf/Images/0025.png,design_explorer_data/kpf/Json/0025.json,882.0,20871.428571,5,37775.0,5.154875,554158.974971,256463.060983,76283.783623,124226.67099,99852.569355,88.459167
0026,design_explorer_data/kpf/Images/0026.png,design_explorer_data/kpf/Json/0026.json,756.0,25174.468085,5,37775.0,5.154875,526694.177124,231255.834877,69412.350745,110973.986692,79311.782803,87.838333
0027,design_explorer_data/kpf/Images/0027.png,design_explorer_data/kpf/Json/0027.json,784.0,23975.510204,5,37775.0,5.154875,533162.402015,237724.059768,71029.406968,114208.099138,83907.447255,88.418333
0028,design_explorer_data/kpf/Images/0028.png,design_explorer_data/kpf/Json/0028.json,840.0,22324.528302,5,37775.0,5.154875,549662.145152,254223.802906,75154.342752,122457.970707,95657.209928,88.731667
0029,design_explorer_data/kpf/Images/0029.png,design_explorer_data/kpf/Json/0029.json,910.0,20255.172414,5,37775.0,5.154875,563996.411203,268558.068957,78737.909265,129625.103732,110230.935714,89.086667
0030,design_explorer_data/kpf/Images/0030.png,design_explorer_data/kpf/Json/0030.json,812.0,22870.588235,5,37775.0,5.154875,539630.626906,246764.985481,73030.818398,117962.569709,93211.60763,88.265
0031,design_explorer_data/kpf/Images/0031.png,design_explorer_data/kpf/Json/0031.json,868.0,21360.0,5,37775.0,5.154875,556130.370043,263264.728618,77155.754183,126212.441278,106715.354194,88.7825
0032,design_explorer_data/kpf/Images/0032.png,design_explorer_data/kpf/Json/0032.json,938.0,19440.0,5,37775.0,5.154875,570464.636095,277598.99467,80739.320696,133379.574303,120260.745353,88.951667
0033,design_explorer_data/kpf/Images/0033.png,design_explorer_data/kpf/Json/0033.json,910.0,20131.034483,5,37775.0,5.154875,565635.715422,274304.940759,79532.090528,131732.996052,119577.902725,88.660833
0034,design_explorer_data/kpf/Images/0034.png,design_explorer_data/kpf/Json/0034.json,994.0,18356.25,5,37775.0,5.154875,586964.379232,295633.604569,84864.25648,142397.327957,137509.187089,88.880833
0035,design_explorer_data/kpf/Images/0035.png,design_explorer_data/kpf/Json/0035.json,1064.0,16904.347826,5,37775.0,5.154875,601298.645283,311648.891877,88447.822993,151167.904294,155807.32976,88.940833
0036,design_explorer_data/kpf/Images/0036.png,design_explorer_data/kpf/Json/0036.json,770.0,24300.0,5,37775.0,5.154875,528075.798788,235797.747085,69564.119792,113576.96385,83789.43526,88.3975
0037,design_explorer_data/kpf/Images/0037.png,design_explorer_data/kpf/Json/0037.json,812.0,23152.941176,5,37775.0,5.154875,542999.838247,250721.786543,73295.129656,121038.983579,94183.045385,88.901667
0038,design_explorer_data/kpf/Images/0038.png,design_explorer_data/kpf/Json/0038.json,868.0,21621.818182,5,37775.0,5.154875,559499.581384,267221.529681,77420.065441,129288.855148,107686.791949,89.404167
0039,design_explorer_data/kpf/Images/0039.png,design_explorer_data/kpf/Json/0039.json,938.0,19680.0,5,37775.0,5.154875,573833.847436,281555.795732,81003.631954,136455.988173,121232.183109,89.56
0040,design_explorer_data/kpf/Images/0040.png,design_explorer_data/kpf/Json/0040.json,840.0,22120.754717,5,37775.0,5.154875,549468.063138,258660.385059,74912.185879,124438.092329,104121.725344,89.213333
0041,design_explorer_data/kpf/Images/0041.png,design_explorer_data/kpf/Json/0041.json,896.0,20715.789474,5,37775.0,5.154875,565967.806275,275160.128196,79037.121664,132687.963897,117630.856359,89.465833
0042,design_explorer_data/kpf/Images/0042.png,design_explorer_data/kpf/Json/0042.json,966.0,18909.677419,5,37775.0,5.154875,580302.072327,289494.394248,82620.688177,139855.096923,130746.294962,89.884167
0043,design_explorer_data/kpf/Images/0043.png,design_explorer_data/kpf/Json/0043.json,938.0,19560.0,5,37775.0,5.154875,575473.151655,285820.138497,81413.458008,137824.727198,130114.399594,89.739167
0044,design_explorer_data/kpf/Images/0044.png,design_explorer_data/kpf/Json/0044.json,1022.0,17890.909091,5,37775.0,5.154875,596801.815464,307148.802307,86745.623961,148489.059103,147615.731402,89.533333
0045,design_explorer_data/kpf/Images/0045.png,design_explorer_data/kpf/Json/0045.json,1092.0,16512.676056,5,37775.0,5.154875,611136.081516,322713.449605,90329.190474,156840.026608,165452.890337,90.070833
0046,design_explorer_data/kpf/Images/0046.png,design_explorer_data/kpf/Json/0046.json,868.0,21163.636364,5,37775.0,5.155316,555936.288029,272903.079941,78913.389493,130749.051362,115811.845197,89.5
0047,design_explorer_data/kpf/Images/0047.png,design_explorer_data/kpf/Json/0047.json,924.0,19871.186441,5,37775.0,5.155316,572436.031166,289402.823078,83038.325277,138998.92293,128938.381282,89.765
0048,design_explorer_data/kpf/Images/0048.png,design_explorer_data/kpf/Json/0048.json,994.0,18187.5,5,37775.0,5.155316,586770.297218,303737.08913,86621.89179,146166.055956,141623.867328,89.900833
0049,design_explorer_data/kpf/Images/0049.png,design_explorer_data/kpf/Json/0049.json,966.0,18793.548387,5,37775.0,5.155316,581941.376546,299679.939313,85414.661622,143750.099939,141042.021813,89.730833
0050,design_explorer_data/kpf/Images/0050.png,design_explorer_data/kpf/Json/0050.json,1050.0,17241.176471,5,37775.0,5.155316,603270.040355,321008.603122,90746.827575,154414.431844,158113.401063,89.803333
0051,design_explorer_data/kpf/Images/0051.png,design_explorer_data/kpf/Json/0051.json,1120.0,15945.205479,5,37775.0,5.155316,617604.306407,336337.58669,94330.394088,162553.009003,175497.334058,90.166667
0052,design_explorer_data/kpf/Images/0052.png,design_explorer_data/kpf/Json/0052.json,1022.0,17781.818182,5,37775.0,5.155316,598441.119683,323444.499075,91269.351267,156402.505427,160288.281959,89.315
0053,design_explorer_data/kpf/Images/0053.png,design_explorer_data/kpf/Json/0053.json,1092.0,16411.267606,5,37775.0,5.155316,612775.385735,337778.765126,94852.91778,163569.638452,171484.449643,90.17
0054,design_explorer_data/kpf/Images/0054.png,design_explorer_data/kpf/Json/0054.json,1176.0,15225.974026,5,37775.0,5.155316,634104.049544,359110.014867,100185.083733,174233.970357,193003.096524,90.068333
0055,design_explorer_data/kpf/Images/0055.png,design_explorer_data/kpf/Json/0055.json,1260.0,14168.674699,5,37775.0,5.155316,654572.80824,386478.357963,105441.913707,190552.677756,217199.380179,90.595833
0056,design_explorer_data/kpf/Images/0056.png,design_explorer_data/kpf/Json/0056.json,714.0,26400.0,5,42000.0,4.960923,510112.61258,217995.030524,66346.313638,105206.29734,68052.361703,89.660833
0057,design_explorer_data/kpf/Images/0057.png,design_explorer_data/kpf/Json/0057.json,742.0,25382.608696,5,42000.0,4.960923,519950.048812,227832.466757,68805.672696,110125.015456,74653.577515,90.685833
0058,design_explorer_data/kpf/Images/0058.png,design_explorer_data/kpf/Json/0058.json,770.0,24150.0,5,42000.0,4.960923,526418.273703,234300.691648,70422.728918,113359.127902,79229.309014,90.368333
0059,design_explorer_data/kpf/Images/0059.png,design_explorer_data/kpf/Json/0059.json,826.0,22453.846154,5,42000.0,4.960923,542918.016841,250800.434785,74547.664703,121608.99947,90198.625883,90.9975
0060,design_explorer_data/kpf/Images/0060.png,design_explorer_data/kpf/Json/0060.json,896.0,20336.842105,5,42000.0,4.960923,557252.282892,265134.700836,78131.231216,128776.132496,105194.546431,91.260833
0061,design_explorer_data/kpf/Images/0061.png,design_explorer_data/kpf/Json/0061.json,770.0,24450.0,5,42000.0,4.960923,529787.485045,239592.836969,71262.415046,115357.437672,84105.756067,90.3925
0062,design_explorer_data/kpf/Images/0062.png,design_explorer_data/kpf/Json/0062.json,798.0,23304.0,5,42000.0,4.960923,536255.709936,246061.06186,72879.471269,118591.550118,89103.896593,90.940833
0063,design_explorer_data/kpf/Images/0063.png,design_explorer_data/kpf/Json/0063.json,854.0,21733.333333,5,42000.0,4.960923,552755.453073,262560.804997,77004.407053,126841.421686,101633.805935,91.5975
0064,design_explorer_data/kpf/Images/0064.png,design_explorer_data/kpf/Json/0064.json,924.0,19749.152542,5,42000.0,4.960923,567089.719125,276895.071049,80587.973566,134008.554712,115596.219994,91.905
0065,design_explorer_data/kpf/Images/0065.png,design_explorer_data/kpf/Json/0065.json,826.0,22246.153846,5,42000.0,4.960923,542723.934827,254550.823974,74688.705095,122168.339778,98625.603785,91.089167
0066,design_explorer_data/kpf/Images/0066.png,design_explorer_data/kpf/Json/0066.json,882.0,20807.142857,5,42000.0,4.960923,559223.677964,271050.567111,78813.64088,130418.211347,112326.032265,91.319167
0067,design_explorer_data/kpf/Images/0067.png,design_explorer_data/kpf/Json/0067.json,952.0,18963.934426,5,42000.0,4.960923,573557.944016,285384.833163,82397.207393,137585.344372,125656.447146,91.715833
0068,design_explorer_data/kpf/Images/0068.png,design_explorer_data/kpf/Json/0068.json,924.0,19627.118644,5,42000.0,4.960923,568729.023343,281900.678332,81189.977225,135746.870384,124999.078148,91.474167
0069,design_explorer_data/kpf/Images/0069.png,design_explorer_data/kpf/Json/0069.json,1008.0,17926.153846,5,42000.0,4.960923,590057.687153,303229.342142,86522.143177,146411.202289,142715.386234,91.368333
0070,design_explorer_data/kpf/Images/0070.png,design_explorer_data/kpf/Json/0070.json,1078.0,16525.714286,5,42000.0,4.960923,604391.953205,319019.309445,90105.70969,154971.974211,160783.037037,91.6925
0071,design_explorer_data/kpf/Images/0071.png,design_explorer_data/kpf/Json/0071.json,784.0,23608.163265,5,42000.0,4.960923,531169.10671,244007.989265,71432.501047,117804.871134,88593.875355,91.331667
0072,design_explorer_data/kpf/Images/0072.png,design_explorer_data/kpf/Json/0072.json,826.0,22523.076923,5,42000.0,4.960923,546093.146168,258932.028724,75163.510911,125266.890863,99962.870193,91.806667
0073,design_explorer_data/kpf/Images/0073.png,design_explorer_data/kpf/Json/0073.json,882.0,21064.285714,5,42000.0,4.960923,562592.889306,275431.771861,79288.446696,133516.762431,113663.298673,92.0175
0074,design_explorer_data/kpf/Images/0074.png,design_explorer_data/kpf/Json/0074.json,952.0,19200.0,5,42000.0,4.960923,576927.155357,289766.037912,82872.013208,140683.895457,126993.713554,92.398333
0075,design_explorer_data/kpf/Images/0075.png,design_explorer_data/kpf/Json/0075.json,854.0,21533.333333,5,42000.0,4.960923,552561.371059,266698.382589,76780.567134,128676.872132,109932.355625,92.135833
0076,design_explorer_data/kpf/Images/0076.png,design_explorer_data/kpf/Json/0076.json,910.0,20193.103448,5,42000.0,4.960923,569061.114197,283198.125726,80905.502918,136926.743701,123250.189175,92.2975
0077,design_explorer_data/kpf/Images/0077.png,design_explorer_data/kpf/Json/0077.json,980.0,18457.142857,5,42000.0,4.960923,583395.380248,297532.391778,84489.069431,144093.876727,136150.651499,92.746667
0078,design_explorer_data/kpf/Images/0078.png,design_explorer_data/kpf/Json/0078.json,952.0,19081.967213,5,42000.0,4.960923,578566.459576,293667.137698,83281.839263,141871.012992,135543.930626,92.2375
0079,design_explorer_data/kpf/Images/0079.png,design_explorer_data/kpf/Json/0079.json,1036.0,17480.597015,5,42000.0,4.960923,599895.123385,314995.801508,88614.005216,152535.344897,152830.286154,92.345833
0080,design_explorer_data/kpf/Images/0080.png,design_explorer_data/kpf/Json/0080.json,1106.0,16150.0,5,42000.0,4.960923,614229.389437,330534.114782,92197.571729,160872.908036,170439.539154,92.7075
0081,design_explorer_data/kpf/Images/0081.png,design_explorer_data/kpf/Json/0081.json,882.0,20614.285714,5,42000.0,4.960923,559029.59595,280411.658911,80602.27775,134628.845171,121631.535911,92.239167
0082,design_explorer_data/kpf/Images/0082.png,design_explorer_data/kpf/Json/0082.json,938.0,19380.0,5,42000.0,4.960923,575529.339088,296911.402049,84727.213535,142878.716739,134566.774531,92.813333
0083,design_explorer_data/kpf/Images/0083.png,design_explorer_data/kpf/Json/0083.json,1008.0,17760.0,5,42000.0,4.960923,589863.605139,311245.6681,88310.780048,150045.849765,147037.284298,92.609167
0084,design_explorer_data/kpf/Images/0084.png,design_explorer_data/kpf/Json/0084.json,980.0,18342.857143,5,42000.0,4.960923,585034.684467,307190.612237,87103.54988,147630.791157,146480.314141,92.689167
0085,design_explorer_data/kpf/Images/0085.png,design_explorer_data/kpf/Json/0085.json,1064.0,16852.173913,5,42000.0,4.960923,606363.348277,328519.276046,92435.715832,158295.123061,163341.888976,92.813333
0086,design_explorer_data/kpf/Images/0086.png,design_explorer_data/kpf/Json/0086.json,1134.0,15600.0,5,42000.0,4.960923,620697.614328,343255.049409,96019.282345,165850.83374,180495.330104,93.145
0087,design_explorer_data/kpf/Images/0087.png,design_explorer_data/kpf/Json/0087.json,1036.0,17373.134328,5,42000.0,4.960923,601534.427604,330186.990777,92766.044651,159899.704306,165534.080277,92.496667
0088,design_explorer_data/kpf/Images/0088.png,design_explorer_data/kpf/Json/0088.json,1106.0,16050.0,5,42000.0,4.960923,615868.693656,344521.256829,96349.611164,167066.837331,176520.443547,93.16
0089,design_explorer_data/kpf/Images/0089.png,design_explorer_data/kpf/Json/0089.json,1190.0,14907.692308,5,42000.0,4.960923,637197.357465,365849.920638,101681.777117,177731.169236,197816.356354,93.124167
0090,design_explorer_data/kpf/Images/0090.png,design_explorer_data/kpf/Json/0090.json,1274.0,13885.714286,5,42000.0,4.960923,657666.116161,392560.405241,106923.091502,193619.924078,221800.249662,93.92
0091,design_explorer_data/kpf/Images/0091.png,design_explorer_data/kpf/Json/0091.json,812.0,22800.0,5,45150.0,4.827068,541006.542942,260016.29795,74757.087881,126260.685701,99740.176376,93.053333
0092,design_explorer_data/kpf/Images/0092.png,design_explorer_data/kpf/Json/0092.json,840.0,21781.132075,5,45150.0,4.827068,547474.767833,266484.522841,76374.144103,129494.798147,106130.674381,94.0025
0093,design_explorer_data/kpf/Images/0093.png,design_explorer_data/kpf/Json/0093.json,896.0,20400.0,5,45150.0,4.827068,563974.51097,282984.265979,80499.079888,137744.669715,119639.805396,94.185833
0094,design_explorer_data/kpf/Images/0094.png,design_explorer_data/kpf/Json/0094.json,966.0,18619.354839,5,45150.0,4.827068,578308.777022,297318.53203,84082.646401,144911.802741,132755.243998,94.596667
0095,design_explorer_data/kpf/Images/0095.png,design_explorer_data/kpf/Json/0095.json,882.0,20871.428571,5,45150.0,4.827068,562398.807292,282157.339762,80105.153968,136953.193703,121549.992012,93.815
0096,design_explorer_data/kpf/Images/0096.png,design_explorer_data/kpf/Json/0096.json,938.0,19620.0,5,45150.0,4.827068,578898.550429,298657.0829,84230.089752,145203.065271,134485.230632,94.381667
0097,design_explorer_data/kpf/Images/0097.png,design_explorer_data/kpf/Json/0097.json,1008.0,17981.538462,5,45150.0,4.827068,593232.816481,312991.348951,87813.656265,152370.198297,146955.740399,94.175833
0098,design_explorer_data/kpf/Images/0098.png,design_explorer_data/kpf/Json/0098.json,980.0,18571.428571,5,45150.0,4.827068,588403.895808,308936.293087,86606.426097,149955.139688,146398.770243,94.229167
0099,design_explorer_data/kpf/Images/0099.png,design_explorer_data/kpf/Json/0099.json,1064.0,17060.869565,5,45150.0,4.827068,609732.559618,330264.956897,91938.59205,160619.471593,163260.345077,94.351667
0100,design_explorer_data/kpf/Images/0100.png,design_explorer_data/kpf/Json/0100.json,1134.0,15794.594595,5,45150.0,4.827068,624066.825669,345000.730259,95522.158563,168175.182272,180413.786205,94.649167
0101,design_explorer_data/kpf/Images/0101.png,design_explorer_data/kpf/Json/0101.json,910.0,20006.896552,5,45150.0,4.827068,568867.032183,295016.641178,83567.87859,142388.432788,133270.917337,94.460833
0102,design_explorer_data/kpf/Images/0102.png,design_explorer_data/kpf/Json/0102.json,966.0,18851.612903,5,45150.0,4.827068,585366.77532,311516.384315,87692.814374,150638.304357,145823.561028,94.74
0103,design_explorer_data/kpf/Images/0103.png,design_explorer_data/kpf/Json/0103.json,1036.0,17319.402985,5,45150.0,4.827068,599701.041372,325850.650367,91276.380887,157805.437383,157864.118238,94.763333
0104,design_explorer_data/kpf/Images/0104.png,design_explorer_data/kpf/Json/0104.json,1008.0,17870.769231,5,45150.0,4.827068,594872.120699,321409.110803,90069.150719,155390.977047,156967.423736,94.529167
0105,design_explorer_data/kpf/Images/0105.png,design_explorer_data/kpf/Json/0105.json,1092.0,16461.971831,5,45150.0,4.827068,616200.784509,342737.774613,95401.316672,166055.308952,173409.389739,95.014167
0106,design_explorer_data/kpf/Images/0106.png,design_explorer_data/kpf/Json/0106.json,1162.0,15268.421053,5,45150.0,4.827068,630535.05056,357077.212527,98984.883184,173222.441977,190114.77679,95.304167
0107,design_explorer_data/kpf/Images/0107.png,design_explorer_data/kpf/Json/0107.json,1064.0,16956.521739,5,45150.0,4.827068,611371.863837,343259.798507,95347.255744,166894.102064,176025.676915,94.625833
0108,design_explorer_data/kpf/Images/0108.png,design_explorer_data/kpf/Json/0108.json,1134.0,15697.297297,5,45150.0,4.827068,625706.129888,357594.064559,98930.822257,174061.23509,186597.603216,95.219167
0109,design_explorer_data/kpf/Images/0109.png,design_explorer_data/kpf/Json/0109.json,1218.0,14610.0,5,45150.0,4.827068,647034.793698,378922.728368,104262.988209,184725.566994,207448.047877,95.1625
0110,design_explorer_data/kpf/Images/0110.png,design_explorer_data/kpf/Json/0110.json,1302.0,13632.55814,5,45150.0,4.827068,667503.552393,404312.324122,109473.271417,199754.416722,231001.988628,96.059167
0111,design_explorer_data/kpf/Images/0111.png,design_explorer_data/kpf/Json/0111.json,952.0,19200.0,5,49500.0,4.807838,583094.844692,318337.082024,89429.247296,154027.814215,150729.989478,96.150833
0112,design_explorer_data/kpf/Images/0112.png,design_explorer_data/kpf/Json/0112.json,994.0,18131.25,5,49500.0,4.807838,591835.000211,327077.237544,91614.286176,158397.891975,157273.738943,96.1375
0113,design_explorer_data/kpf/Images/0113.png,design_explorer_data/kpf/Json/0113.json,1064.0,16695.652174,5,49500.0,4.807838,606169.266263,341411.503595,95197.852689,165565.025001,168889.515459,96.501667
0114,design_explorer_data/kpf/Images/0114.png,design_explorer_data/kpf/Json/0114.json,1036.0,17211.940298,5,49500.0,4.807838,601340.34559,336582.582923,93990.622521,163150.564665,167454.234195,95.938333
0115,design_explorer_data/kpf/Images/0115.png,design_explorer_data/kpf/Json/0115.json,1120.0,15895.890411,5,49500.0,4.807838,622669.0094,357911.246733,99322.788473,173814.896569,183476.591367,96.4875
0116,design_explorer_data/kpf/Images/0116.png,design_explorer_data/kpf/Json/0116.json,1190.0,14769.230769,5,49500.0,4.807838,637003.275452,372245.512784,102906.354986,180982.029595,199736.510271,96.393333
0117,design_explorer_data/kpf/Images/0117.png,design_explorer_data/kpf/Json/0117.json,1092.0,16360.56338,5,49500.0,4.807838,617840.088728,357482.167753,98884.337799,173888.499822,186710.964106,96.2975
0118,design_explorer_data/kpf/Images/0118.png,design_explorer_data/kpf/Json/0118.json,1162.0,15173.684211,5,49500.0,4.807838,632174.354779,371816.433805,102467.904312,181055.632848,197461.663645,96.955
0119,design_explorer_data/kpf/Images/0119.png,design_explorer_data/kpf/Json/0119.json,1246.0,14151.219512,5,49500.0,4.807838,653503.018589,393145.097615,107800.070264,191719.964753,217281.187749,96.826667
0120,design_explorer_data/kpf/Images/0120.png,design_explorer_data/kpf/Json/0120.json,1330.0,13227.272727,5,49500.0,4.807838,673971.777284,417408.093346,112979.322294,205888.909366,240591.706975,97.295833
0121,design_explorer_data/kpf/Images/0121.png,design_explorer_data/kpf/Json/0121.json,1148.0,15600.0,5,52775.0,4.858134,634339.831865,385274.743181,105887.410506,187877.295338,207500.466827,97.72
0122,design_explorer_data/kpf/Images/0122.png,design_explorer_data/kpf/Json/0122.json,1218.0,14520.0,5,52775.0,4.858134,648674.097917,399609.009232,109470.977019,195044.428364,218251.166365,97.849167
0123,design_explorer_data/kpf/Images/0123.png,design_explorer_data/kpf/Json/0123.json,1288.0,13567.058824,5,52775.0,4.858134,663008.363968,413943.275284,113054.543532,202211.56139,231581.581246,98.189167
0124,design_explorer_data/kpf/Images/0124.png,design_explorer_data/kpf/Json/0124.json,1386.0,12743.478261,5,52775.0,4.858134,690471.520422,443745.311487,119920.332645,218173.410243,259972.399175,98.685
0125,design_explorer_data/kpf/Images/0125.png,design_explorer_data/kpf/Json/0125.json,1456.0,12000.0,5,56850.0,4.822276,704805.786473,470055.498851,124606.881832,233494.126264,281611.552941,100.341667
0126,design_explorer_data/kpf/Images/0126.png,design_explorer_data/kpf/Json/0126.json,644.0,30000.0,4,37775.0,5.185208,488039.896373,186310.931868,58803.124917,88911.941455,49305.712989,84.549167
0127,design_explorer_data/kpf/Images/0127.png,design_explorer_data/kpf/Json/0127.json,658.0,29010.0,4,37775.0,5.185208,491133.204294,189479.309977,59576.451897,90458.595416,51576.160015,85.6225
0128,design_explorer_data/kpf/Images/0128.png,design_explorer_data/kpf/Json/0128.json,686.0,27771.428571,4,37775.0,5.185208,500970.640527,199301.045964,62035.810955,95377.313532,58223.0178,86.679167
0129,design_explorer_data/kpf/Images/0129.png,design_explorer_data/kpf/Json/0129.json,714.0,26318.181818,4,37775.0,5.185208,507438.865418,206146.377716,63652.867178,98611.425978,62893.074224,87.2475
0130,design_explorer_data/kpf/Images/0130.png,design_explorer_data/kpf/Json/0130.json,770.0,24300.0,4,37775.0,5.185208,523938.608555,223227.790788,67777.802962,106861.297546,74040.526566,87.059167
0131,design_explorer_data/kpf/Images/0131.png,design_explorer_data/kpf/Json/0131.json,840.0,21849.056604,4,37775.0,5.185208,538272.874607,237564.642771,71361.369475,114028.430572,85914.552266,87.1925
0132,design_explorer_data/kpf/Images/0132.png,design_explorer_data/kpf/Json/0132.json,672.0,28068.292683,4,37775.0,5.185208,494226.512216,193303.266389,60399.82567,93489.171451,53820.897372,85.991667
0133,design_explorer_data/kpf/Images/0133.png,design_explorer_data/kpf/Json/0133.json,700.0,26902.325581,4,37775.0,5.185208,504063.948448,203135.469206,62859.184728,98407.889567,60317.444876,86.659167
0134,design_explorer_data/kpf/Images/0134.png,design_explorer_data/kpf/Json/0134.json,728.0,25520.0,4,37775.0,5.185208,510532.173339,209794.059614,64476.240951,101642.002013,65014.6826,87.65
0135,design_explorer_data/kpf/Images/0135.png,design_explorer_data/kpf/Json/0135.json,784.0,23608.163265,4,37775.0,5.185208,527031.916476,226487.792442,68601.176735,109891.873582,75583.755505,87.243333
0136,design_explorer_data/kpf/Images/0136.png,design_explorer_data/kpf/Json/0136.json,854.0,21266.666667,4,37775.0,5.185208,541366.182528,240822.058494,72184.743248,117059.006607,88385.264503,87.784167
0137,design_explorer_data/kpf/Images/0137.png,design_explorer_data/kpf/Json/0137.json,728.0,25840.0,4,37775.0,5.185208,513901.38468,214178.004391,66076.787371,103761.838279,67016.335991,86.970833
0138,design_explorer_data/kpf/Images/0138.png,design_explorer_data/kpf/Json/0138.json,756.0,24561.702128,4,37775.0,5.185208,520369.609572,220646.229282,67693.843593,106995.950725,71951.053484,88.18
0139,design_explorer_data/kpf/Images/0139.png,design_explorer_data/kpf/Json/0139.json,812.0,22800.0,4,37775.0,5.185208,536869.352709,237145.97242,71818.779378,115245.822294,83304.7601,87.719167
0140,design_explorer_data/kpf/Images/0140.png,design_explorer_data/kpf/Json/0140.json,882.0,20614.285714,4,37775.0,5.185208,551203.61876,251480.238471,75402.345891,122412.955319,96606.38577,88.3625
0141,design_explorer_data/kpf/Images/0141.png,design_explorer_data/kpf/Json/0141.json,784.0,23387.755102,4,37775.0,5.185208,526837.834463,229611.047356,69310.899816,110525.626133,80424.892498,87.425833
0142,design_explorer_data/kpf/Images/0142.png,design_explorer_data/kpf/Json/0142.json,840.0,21781.132076,4,37775.0,5.185208,543337.5776,246110.790494,73435.8356,118775.497701,93921.75893,88.223333
0143,design_explorer_data/kpf/Images/0143.png,design_explorer_data/kpf/Json/0143.json,910.0,19758.62069,4,37775.0,5.185208,557671.843651,260445.056545,77019.402113,125942.630727,106951.517829,88.525
0144,design_explorer_data/kpf/Images/0144.png,design_explorer_data/kpf/Json/0144.json,882.0,20485.714286,4,37775.0,5.185208,552842.922979,258498.460702,75812.171945,123707.801545,109299.293305,88.2025
0145,design_explorer_data/kpf/Images/0145.png,design_explorer_data/kpf/Json/0145.json,966.0,18619.354839,4,37775.0,5.185208,574171.586789,279827.124512,81144.337898,134372.13345,126507.726924,88.3775
0146,design_explorer_data/kpf/Images/0146.png,design_explorer_data/kpf/Json/0146.json,1036.0,17104.477612,4,37775.0,5.185208,588505.85284,295357.810736,84727.90441,143005.311453,144305.752923,88.159167
0147,design_explorer_data/kpf/Images/0147.png,design_explorer_data/kpf/Json/0147.json,700.0,27237.209302,4,37775.0,5.18598,507019.304659,212166.804113,66204.91411,102552.444795,62365.53482,85.965
0148,design_explorer_data/kpf/Images/0148.png,design_explorer_data/kpf/Json/0148.json,728.0,26160.0,4,37775.0,5.18598,516856.740892,222004.240345,68664.273168,107471.162911,68545.761516,86.89
0149,design_explorer_data/kpf/Images/0149.png,design_explorer_data/kpf/Json/0149.json,756.0,24868.085106,4,37775.0,5.18598,523324.965783,228472.465237,70281.32939,110705.275356,73480.47901,87.921667
0150,design_explorer_data/kpf/Images/0150.png,design_explorer_data/kpf/Json/0150.json,812.0,23082.352941,4,37775.0,5.18598,539824.70892,244972.208374,74406.265175,118955.146925,84834.185625,87.405
0151,design_explorer_data/kpf/Images/0151.png,design_explorer_data/kpf/Json/0151.json,882.0,20871.428571,4,37775.0,5.18598,554158.974972,259306.474425,77989.831688,126122.279951,98135.811295,87.85
0152,design_explorer_data/kpf/Images/0152.png,design_explorer_data/kpf/Json/0152.json,756.0,25174.468085,4,37775.0,5.18598,526694.177124,232377.500008,71502.754018,112498.323985,75281.286538,87.480833
0153,design_explorer_data/kpf/Images/0153.png,design_explorer_data/kpf/Json/0153.json,784.0,23975.510204,4,37775.0,5.18598,533162.402015,238845.724899,73119.810241,115732.43643,80636.600972,87.453333
0154,design_explorer_data/kpf/Images/0154.png,design_explorer_data/kpf/Json/0154.json,840.0,22324.528302,4,37775.0,5.18598,549662.145153,255345.468036,77244.746025,123982.307999,94133.467404,88.0875
0155,design_explorer_data/kpf/Images/0155.png,design_explorer_data/kpf/Json/0155.json,910.0,20255.172414,4,37775.0,5.18598,563996.411204,269679.734088,80828.312538,131149.441024,107163.226303,88.309167
0156,design_explorer_data/kpf/Images/0156.png,design_explorer_data/kpf/Json/0156.json,812.0,22870.588235,4,37775.0,5.18598,539630.626906,247483.369917,74736.866464,119293.924776,90310.619862,87.8525
0157,design_explorer_data/kpf/Images/0157.png,design_explorer_data/kpf/Json/0157.json,868.0,21360.0,4,37775.0,5.18598,556130.370044,263983.113054,78861.802248,127543.796345,104978.603705,88.581667
0158,design_explorer_data/kpf/Images/0158.png,design_explorer_data/kpf/Json/0158.json,938.0,19440.0,4,37775.0,5.18598,570464.636095,278317.379105,82445.368761,134710.929371,117371.191562,88.9525
0159,design_explorer_data/kpf/Images/0159.png,design_explorer_data/kpf/Json/0159.json,910.0,20131.034483,4,37775.0,5.18598,565635.715423,276380.654756,81238.138593,132870.361429,119587.358586,88.271667
0160,design_explorer_data/kpf/Images/0160.png,design_explorer_data/kpf/Json/0160.json,994.0,18356.25,4,37775.0,5.18598,586964.379232,297709.318566,86570.304545,143534.693334,136365.839648,88.391667
0161,design_explorer_data/kpf/Images/0161.png,design_explorer_data/kpf/Json/0161.json,1064.0,16904.347826,4,37775.0,5.18598,601298.645284,312771.26326,90153.871058,151730.160986,153702.881911,88.430833
0162,design_explorer_data/kpf/Images/0162.png,design_explorer_data/kpf/Json/0162.json,770.0,24300.0,4,37775.0,5.18598,528075.798789,237719.523123,72062.428641,116459.627907,78216.284749,87.934167
0163,design_explorer_data/kpf/Images/0163.png,design_explorer_data/kpf/Json/0163.json,812.0,23152.941176,4,37775.0,5.18598,542999.838248,252643.562582,75793.438506,123921.647636,89946.077669,88.085833
0164,design_explorer_data/kpf/Images/0164.png,design_explorer_data/kpf/Json/0164.json,868.0,21621.818182,4,37775.0,5.18598,559499.581385,269143.305719,79918.37429,132171.519205,104614.061511,88.293333
0165,design_explorer_data/kpf/Images/0165.png,design_explorer_data/kpf/Json/0165.json,938.0,19680.0,4,37775.0,5.18598,573833.847436,283477.571771,83501.940803,139338.652231,117006.649369,88.615
0166,design_explorer_data/kpf/Images/0166.png,design_explorer_data/kpf/Json/0166.json,840.0,22120.754717,4,37775.0,5.18598,549468.063139,260377.298887,77410.494729,126938.213265,100064.250625,88.485833
0167,design_explorer_data/kpf/Images/0167.png,design_explorer_data/kpf/Json/0167.json,896.0,20715.789474,4,37775.0,5.18598,565967.806276,276877.042025,81535.430513,135188.084834,114931.608609,88.846667
0168,design_explorer_data/kpf/Images/0168.png,design_explorer_data/kpf/Json/0168.json,966.0,18909.677419,4,37775.0,5.18598,580302.072328,291211.308076,85118.997026,142355.21786,126894.243909,89.186667
0169,design_explorer_data/kpf/Images/0169.png,design_explorer_data/kpf/Json/0169.json,938.0,19560.0,4,37775.0,5.18598,575473.151655,288506.402505,83911.766858,140130.858444,128773.378814,88.910833
0170,design_explorer_data/kpf/Images/0170.png,design_explorer_data/kpf/Json/0170.json,1022.0,17890.909091,4,37775.0,5.18598,596801.815465,309835.066315,89243.93281,150795.190348,145121.907318,88.924167
0171,design_explorer_data/kpf/Images/0171.png,design_explorer_data/kpf/Json/0171.json,1092.0,16512.676056,4,37775.0,5.18598,611136.081516,324446.371,92827.499323,158571.049169,161997.965847,88.995833
0172,design_explorer_data/kpf/Images/0172.png,design_explorer_data/kpf/Json/0172.json,868.0,21163.636364,4,37775.0,5.18598,555936.28803,270769.193346,78913.389493,131912.989505,111738.061698,89.423333
0173,design_explorer_data/kpf/Images/0173.png,design_explorer_data/kpf/Json/0173.json,924.0,19871.186441,4,37775.0,5.18598,572436.031167,287268.936484,83038.325278,140162.861073,126222.824752,89.733333
0174,design_explorer_data/kpf/Images/0174.png,design_explorer_data/kpf/Json/0174.json,994.0,18187.5,4,37775.0,5.18598,586770.297219,301603.202535,86621.89179,147329.994099,137755.507495,89.8075
0175,design_explorer_data/kpf/Images/0175.png,design_explorer_data/kpf/Json/0175.json,966.0,18793.548387,4,37775.0,5.18598,581941.376546,298321.712344,85414.661622,144914.337218,139296.712872,89.688333
0176,design_explorer_data/kpf/Images/0176.png,design_explorer_data/kpf/Json/0176.json,1050.0,17241.176471,4,37775.0,5.18598,603270.040356,319650.376153,90746.827575,155578.669123,155215.288819,89.764167
0177,design_explorer_data/kpf/Images/0177.png,design_explorer_data/kpf/Json/0177.json,1120.0,15945.205479,4,37775.0,5.18598,617604.306407,334215.134072,94330.394088,162947.84877,172021.527198,90.06
0178,design_explorer_data/kpf/Images/0178.png,design_explorer_data/kpf/Json/0178.json,1022.0,17781.818182,4,37775.0,5.18598,598441.119684,322473.054942,91269.351268,156208.2166,160288.281959,89.686667
0179,design_explorer_data/kpf/Images/0179.png,design_explorer_data/kpf/Json/0179.json,1092.0,16411.267606,4,37775.0,5.18598,612775.385735,336807.320993,94852.91778,163375.349626,170906.755027,90.031667
0180,design_explorer_data/kpf/Images/0180.png,design_explorer_data/kpf/Json/0180.json,1176.0,15225.974026,4,37775.0,5.18598,634104.049545,358138.570734,100185.083733,174039.681531,191267.426742,90.296667
0181,design_explorer_data/kpf/Images/0181.png,design_explorer_data/kpf/Json/0181.json,1260.0,14168.674699,4,37775.0,5.18598,654572.80824,386094.952173,107167.239763,189402.460386,215282.351227,90.226667
0182,design_explorer_data/kpf/Images/0182.png,design_explorer_data/kpf/Json/0182.json,714.0,26400.0,4,42000.0,5.133145,510112.612581,221786.248447,69000.166183,107101.906301,66914.996326,88.32
0183,design_explorer_data/kpf/Images/0183.png,design_explorer_data/kpf/Json/0183.json,742.0,25382.608696,4,42000.0,5.133145,519950.048813,231623.684679,71459.525241,112020.624417,72934.445911,89.2875
0184,design_explorer_data/kpf/Images/0184.png,design_explorer_data/kpf/Json/0184.json,770.0,24150.0,4,42000.0,5.133145,526418.273704,238091.90957,73076.581464,115254.736863,78083.086048,89.931667
0185,design_explorer_data/kpf/Images/0185.png,design_explorer_data/kpf/Json/0185.json,826.0,22453.846154,4,42000.0,5.133145,542918.016841,254591.652707,77201.517248,123504.608432,90217.537605,89.760833
0186,design_explorer_data/kpf/Images/0186.png,design_explorer_data/kpf/Json/0186.json,896.0,20336.842105,4,42000.0,5.133145,557252.282893,268925.918759,80785.083761,130671.741457,103477.788371,89.975833
0187,design_explorer_data/kpf/Images/0187.png,design_explorer_data/kpf/Json/0187.json,770.0,24450.0,4,42000.0,5.133145,529787.485045,242041.428372,74108.445196,117260.896757,79690.904595,89.261667
0188,design_explorer_data/kpf/Images/0188.png,design_explorer_data/kpf/Json/0188.json,798.0,23304.0,4,42000.0,5.133145,536255.709937,248509.653264,75725.501418,120495.009202,85831.238224,89.653333
0189,design_explorer_data/kpf/Images/0189.png,design_explorer_data/kpf/Json/0189.json,854.0,21733.333333,4,42000.0,5.133145,552755.453074,265009.396401,79850.437203,128744.880771,100107.952188,90.175
0190,design_explorer_data/kpf/Images/0190.png,design_explorer_data/kpf/Json/0190.json,924.0,19749.152542,4,42000.0,5.133145,567089.719125,279343.662452,83434.003716,135912.013796,112528.985292,90.486667
0191,design_explorer_data/kpf/Images/0191.png,design_explorer_data/kpf/Json/0191.json,826.0,22246.153846,4,42000.0,5.133145,542723.934828,256600.563477,77342.557641,123689.255742,95724.616017,89.783333
0192,design_explorer_data/kpf/Images/0192.png,design_explorer_data/kpf/Json/0192.json,882.0,20807.142857,4,42000.0,5.133145,559223.677965,273100.306614,81467.493425,131939.12731,110783.271466,90.5425
0193,design_explorer_data/kpf/Images/0193.png,design_explorer_data/kpf/Json/0193.json,952.0,18963.934426,4,42000.0,5.133145,573557.944016,287434.572666,85051.059938,139106.260336,122960.883045,90.74
0194,design_explorer_data/kpf/Images/0194.png,design_explorer_data/kpf/Json/0194.json,924.0,19627.118644,4,42000.0,5.133145,568729.023344,285113.757705,83843.82977,137073.796657,125008.534009,90.105
0195,design_explorer_data/kpf/Images/0195.png,design_explorer_data/kpf/Json/0195.json,1008.0,17926.153846,4,42000.0,5.133145,590057.687154,306442.421515,89175.995723,147738.128562,141572.038792,90.201667
0196,design_explorer_data/kpf/Images/0196.png,design_explorer_data/kpf/Json/0196.json,1078.0,16525.714286,4,42000.0,5.133145,604391.953205,321279.046205,92759.562235,155723.791798,158678.589189,90.150833
0197,design_explorer_data/kpf/Images/0197.png,design_explorer_data/kpf/Json/0197.json,784.0,23608.163265,4,42000.0,5.133145,531169.10671,246874.953076,74875.997669,120687.535191,82444.192033,90.335
0198,design_explorer_data/kpf/Images/0198.png,design_explorer_data/kpf/Json/0198.json,826.0,22523.076923,4,42000.0,5.133145,546093.146169,261798.992535,78607.007534,128149.55492,95531.912785,90.4025
0199,design_explorer_data/kpf/Images/0199.png,design_explorer_data/kpf/Json/0199.json,882.0,21064.285714,4,42000.0,5.133145,562592.889306,278298.735672,82731.943318,136399.426489,110590.568235,90.6225
0200,design_explorer_data/kpf/Images/0200.png,design_explorer_data/kpf/Json/0200.json,952.0,19200.0,4,42000.0,5.133145,576927.155358,292633.001724,86315.509831,143566.559515,122768.179813,90.751667
0201,design_explorer_data/kpf/Images/0201.png,design_explorer_data/kpf/Json/0201.json,854.0,21533.333333,4,42000.0,5.133145,552561.37106,269748.463571,80224.063756,131563.160363,105876.692992,90.914167
0202,design_explorer_data/kpf/Images/0202.png,design_explorer_data/kpf/Json/0202.json,910.0,20193.103448,4,42000.0,5.133145,569061.114197,286248.206708,84348.999541,139813.031932,120552.753511,91.1675
0203,design_explorer_data/kpf/Images/0203.png,design_explorer_data/kpf/Json/0203.json,980.0,18457.142857,4,42000.0,5.133145,583395.380249,300582.472759,87932.566054,146980.164957,132300.412533,91.23
0204,design_explorer_data/kpf/Images/0204.png,design_explorer_data/kpf/Json/0204.json,952.0,19081.967213,4,42000.0,5.133145,578566.459576,297492.878305,86725.335886,144563.610668,134010.732241,91.3425
0205,design_explorer_data/kpf/Images/0205.png,design_explorer_data/kpf/Json/0205.json,1036.0,17480.597015,4,42000.0,5.133145,599895.123386,318821.542115,92057.501838,155227.942573,150144.284467,91.310833
0206,design_explorer_data/kpf/Images/0206.png,design_explorer_data/kpf/Json/0206.json,1106.0,16150.0,4,42000.0,5.133145,614229.389438,333404.401554,95641.068351,162796.582909,166984.139955,91.3325
0207,design_explorer_data/kpf/Images/0207.png,design_explorer_data/kpf/Json/0207.json,882.0,20614.285714,4,42000.0,5.133145,559029.595951,279415.137694,81739.643127,135792.783314,117557.752411,91.816667
0208,design_explorer_data/kpf/Images/0208.png,design_explorer_data/kpf/Json/0208.json,938.0,19380.0,4,42000.0,5.133145,575529.339088,295914.880831,85864.578912,144042.654882,131851.218001,92.135833
0209,design_explorer_data/kpf/Images/0209.png,design_explorer_data/kpf/Json/0209.json,1008.0,17760.0,4,42000.0,5.133145,589863.60514,310249.146883,89448.145424,151209.787908,143168.924465,92.15
0210,design_explorer_data/kpf/Images/0210.png,design_explorer_data/kpf/Json/0210.json,980.0,18342.857143,4,42000.0,5.133145,585034.684468,306775.461818,88240.915256,148794.729299,144541.015509,91.7375
0211,design_explorer_data/kpf/Images/0211.png,design_explorer_data/kpf/Json/0211.json,1064.0,16852.173913,4,42000.0,5.133145,606363.348277,328104.125627,93573.081209,159459.061204,160441.489937,92.140833
0212,design_explorer_data/kpf/Images/0212.png,design_explorer_data/kpf/Json/0212.json,1134.0,15600.0,4,42000.0,5.133145,620697.614329,342461.665062,97156.647722,166631.366093,176825.533553,92.4575
0213,design_explorer_data/kpf/Images/0213.png,design_explorer_data/kpf/Json/0213.json,1036.0,17373.134328,4,42000.0,5.133145,601534.427605,330352.912021,93903.410028,159705.415479,165534.080278,92.015
0214,design_explorer_data/kpf/Images/0214.png,design_explorer_data/kpf/Json/0214.json,1106.0,16050.0,4,42000.0,5.133145,615868.693656,344687.178073,97486.976541,166872.548505,176134.451825,92.345
0215,design_explorer_data/kpf/Images/0215.png,design_explorer_data/kpf/Json/0215.json,1190.0,14907.692308,4,42000.0,5.133145,637197.357466,366015.841882,102819.142493,177536.88041,196080.686572,92.481667
0216,design_explorer_data/kpf/Images/0216.png,design_explorer_data/kpf/Json/0216.json,1274.0,13885.714286,4,42000.0,5.133145,657666.116162,393122.661933,109594.08004,192469.706708,219883.22071,92.678333
0217,design_explorer_data/kpf/Images/0217.png,design_explorer_data/kpf/Json/0217.json,812.0,22800.0,4,45150.0,5.023543,541006.542943,263091.139612,78408.462353,129143.349758,93013.960243,91.1825
0218,design_explorer_data/kpf/Images/0218.png,design_explorer_data/kpf/Json/0218.json,840.0,21781.132075,4,45150.0,5.023543,547474.767834,269559.364503,80025.518576,132377.462204,101699.716974,92.219167
0219,design_explorer_data/kpf/Images/0219.png,design_explorer_data/kpf/Json/0219.json,896.0,20400.0,4,45150.0,5.023543,563974.510971,286059.10764,84150.45436,140627.333773,116567.074958,92.148333
0220,design_explorer_data/kpf/Images/0220.png,design_explorer_data/kpf/Json/0220.json,966.0,18619.354839,4,45150.0,5.023543,578308.777023,300393.373692,87734.020873,147794.466798,128529.710258,92.470833
0221,design_explorer_data/kpf/Images/0221.png,design_explorer_data/kpf/Json/0221.json,882.0,20871.428571,4,45150.0,5.023543,562398.807292,285415.298594,83756.528441,139835.85776,117497.953552,92.610833
0222,design_explorer_data/kpf/Images/0222.png,design_explorer_data/kpf/Json/0222.json,938.0,19620.0,4,45150.0,5.023543,578898.55043,301915.041732,87881.464225,148085.729329,131791.419142,92.9325
0223,design_explorer_data/kpf/Images/0223.png,design_explorer_data/kpf/Json/0223.json,1008.0,17981.538462,4,45150.0,5.023543,593232.816481,316249.307783,91465.030738,155252.862354,143109.125606,92.94
0224,design_explorer_data/kpf/Images/0224.png,design_explorer_data/kpf/Json/0224.json,980.0,18571.428571,4,45150.0,5.023543,588403.895809,312775.622718,90257.80057,152837.803746,144481.21665,92.390833
0225,design_explorer_data/kpf/Images/0225.png,design_explorer_data/kpf/Json/0225.json,1064.0,17060.869565,4,45150.0,5.023543,609732.559619,334104.286528,95589.966522,163502.135651,160381.691077,92.795
0226,design_explorer_data/kpf/Images/0226.png,design_explorer_data/kpf/Json/0226.json,1134.0,15794.594595,4,45150.0,5.023543,624066.82567,348461.825963,99173.533035,170674.440539,176765.734693,93.044167
0227,design_explorer_data/kpf/Images/0227.png,design_explorer_data/kpf/Json/0227.json,910.0,20006.896552,4,45150.0,5.023543,568867.032184,294612.353018,85297.477024,143552.370932,129197.133838,93.225
0228,design_explorer_data/kpf/Images/0228.png,design_explorer_data/kpf/Json/0228.json,966.0,18851.612903,4,45150.0,5.023543,585366.775321,311112.096155,89422.412809,151802.2425,143108.004498,93.546667
0229,design_explorer_data/kpf/Images/0229.png,design_explorer_data/kpf/Json/0229.json,1036.0,17319.402985,4,45150.0,5.023543,599701.041372,325446.362206,93005.979322,158969.375526,153995.758405,93.820833
0230,design_explorer_data/kpf/Images/0230.png,design_explorer_data/kpf/Json/0230.json,1008.0,17870.769231,4,45150.0,5.023543,594872.1207,321586.791714,91798.749154,156554.91519,155028.723377,93.4475
0231,design_explorer_data/kpf/Images/0231.png,design_explorer_data/kpf/Json/0231.json,1092.0,16461.971831,4,45150.0,5.023543,616200.78451,342915.455524,97130.915106,167219.247095,170892.994763,93.796667
0232,design_explorer_data/kpf/Images/0232.png,design_explorer_data/kpf/Json/0232.json,1162.0,15268.421053,4,45150.0,5.023543,630535.050561,357254.893438,100714.481619,174386.38012,186440.406648,94.075833
0233,design_explorer_data/kpf/Images/0233.png,design_explorer_data/kpf/Json/0233.json,1064.0,16956.521739,4,45150.0,5.023543,611371.863837,344017.952809,97076.854178,166699.813237,176025.676915,93.384167
0234,design_explorer_data/kpf/Images/0234.png,design_explorer_data/kpf/Json/0234.json,1134.0,15697.297297,4,45150.0,5.023543,625706.129889,358352.21886,100660.420691,173866.946263,186789.306111,94.0225
0235,design_explorer_data/kpf/Images/0235.png,design_explorer_data/kpf/Json/0235.json,1218.0,14610.0,4,45150.0,5.023543,647034.793698,379680.88267,105992.586644,184531.278168,205712.378095,94.211667
0236,design_explorer_data/kpf/Images/0236.png,design_explorer_data/kpf/Json/0236.json,1302.0,13632.55814,4,45150.0,5.023543,667503.552394,405083.408081,112353.087222,198604.199352,229084.959677,94.150833
0237,design_explorer_data/kpf/Images/0237.png,design_explorer_data/kpf/Json/0237.json,952.0,19200.0,4,49500.0,4.822905,583094.844693,316203.19543,89429.247296,155191.752358,146656.205979,95.865833
0238,design_explorer_data/kpf/Images/0238.png,design_explorer_data/kpf/Json/0238.json,994.0,18131.25,4,49500.0,4.822905,591835.000212,324943.350949,91614.286176,159561.830118,154364.192722,95.8975
0239,design_explorer_data/kpf/Images/0239.png,design_explorer_data/kpf/Json/0239.json,1064.0,16695.652174,4,49500.0,4.822905,606169.266263,339277.617001,95197.852689,166728.963144,165018.868831,96.26
0240,design_explorer_data/kpf/Images/0240.png,design_explorer_data/kpf/Json/0240.json,1036.0,17211.940299,4,49500.0,4.822905,601340.345591,334642.686019,93990.622521,164314.502808,165127.554454,96.0325
0241,design_explorer_data/kpf/Images/0241.png,design_explorer_data/kpf/Json/0241.json,1120.0,15895.890411,4,49500.0,4.822905,622669.009401,355971.349829,99322.788473,174978.834712,180955.6228,96.294167
0242,design_explorer_data/kpf/Images/0242.png,design_explorer_data/kpf/Json/0242.json,1190.0,14769.230769,4,49500.0,4.822905,637003.275452,370305.61588,102906.354986,182145.967738,195674.160749,96.3575
0243,design_explorer_data/kpf/Images/0243.png,design_explorer_data/kpf/Json/0243.json,1092.0,16360.56338,4,49500.0,4.822905,617840.088728,356316.73393,98884.337799,173694.210996,186516.974416,96.216667
0244,design_explorer_data/kpf/Images/0244.png,design_explorer_data/kpf/Json/0244.json,1162.0,15173.684211,4,49500.0,4.822905,632174.35478,370650.999982,102467.904312,180861.344021,197267.673955,96.783333
0245,design_explorer_data/kpf/Images/0245.png,design_explorer_data/kpf/Json/0245.json,1246.0,14151.219512,4,49500.0,4.822905,653503.01859,391979.663792,107800.070264,191525.675926,215543.231172,96.61
0246,design_explorer_data/kpf/Images/0246.png,design_explorer_data/kpf/Json/0246.json,1330.0,13227.272727,4,49500.0,4.822905,673971.777285,415872.18339,113746.133874,204738.691996,238480.688333,96.993333
0247,design_explorer_data/kpf/Images/0247.png,design_explorer_data/kpf/Json/0247.json,1148.0,15600.0,4,52775.0,4.82758,634339.831866,384303.299048,105887.410506,187683.006512,207500.466827,98.004167
0248,design_explorer_data/kpf/Images/0248.png,design_explorer_data/kpf/Json/0248.json,1218.0,14520.0,4,52775.0,4.82758,648674.097917,398637.5651,109470.977019,194850.139538,218251.166365,98.361667
0249,design_explorer_data/kpf/Images/0249.png,design_explorer_data/kpf/Json/0249.json,1288.0,13567.058824,4,52775.0,4.82758,663008.363969,412971.831151,113054.543532,202017.272564,230428.777944,98.370833
0250,design_explorer_data/kpf/Images/0250.png,design_explorer_data/kpf/Json/0250.json,1386.0,12743.478261,4,52775.0,4.82758,690471.520422,441631.407778,119920.332645,217214.895768,257858.495466,98.659167
0251,design_explorer_data/kpf/Images/0251.png,design_explorer_data/kpf/Json/0251.json,1456.0,12000.0,4,56850.0,4.890658,704805.786474,470822.310432,127482.425259,232343.908894,279694.52399,100.330833
0252,design_explorer_data/kpf/Images/0252.png,design_explorer_data/kpf/Json/0252.json,644.0,30000.0,3,38650.0,4.023402,488039.896373,166709.890228,42031.099597,84062.199194,50316.07596,87.270833
0253,design_explorer_data/kpf/Images/0253.png,design_explorer_data/kpf/Json/0253.json,658.0,29010.0,3,38650.0,4.023402,491133.204294,170017.782442,42804.426577,85608.853155,52788.595581,88.5775
0254,design_explorer_data/kpf/Images/0254.png,design_explorer_data/kpf/Json/0254.json,686.0,27771.428571,3,38650.0,4.023402,500970.640527,180044.779571,45263.785635,90527.571271,59243.275761,89.0625
0255,design_explorer_data/kpf/Images/0255.png,design_explorer_data/kpf/Json/0255.json,714.0,26318.181818,3,38650.0,4.023402,507438.865418,186513.004462,46880.841858,93761.683716,63911.520099,89.835
0256,design_explorer_data/kpf/Images/0256.png,design_explorer_data/kpf/Json/0256.json,770.0,24300.0,3,38650.0,4.023402,523938.608555,203012.747599,51005.777642,102011.555285,79333.027491,89.450833
0257,design_explorer_data/kpf/Images/0257.png,design_explorer_data/kpf/Json/0257.json,840.0,21849.056604,3,38650.0,4.023402,538272.874607,217155.310755,54589.344155,108986.985416,94028.292056,89.750833
0258,design_explorer_data/kpf/Images/0258.png,design_explorer_data/kpf/Json/0258.json,672.0,28068.292683,3,38650.0,4.023402,494226.512216,174985.959655,43219.884313,87916.835275,57308.063691,88.911667
0259,design_explorer_data/kpf/Images/0259.png,design_explorer_data/kpf/Json/0259.json,700.0,26902.325581,3,38650.0,4.023402,504063.948448,184823.395888,45679.243371,92835.553392,63412.405864,89.6575
0260,design_explorer_data/kpf/Images/0260.png,design_explorer_data/kpf/Json/0260.json,728.0,25520.0,3,38650.0,4.023402,510532.173339,191291.620779,47296.299594,96069.665837,69458.510988,90.264167
0261,design_explorer_data/kpf/Images/0261.png,design_explorer_data/kpf/Json/0261.json,784.0,23608.163265,3,38650.0,4.023402,527031.916476,207791.363916,51421.235378,104319.537406,84885.40283,89.974167
0262,design_explorer_data/kpf/Images/0262.png,design_explorer_data/kpf/Json/0262.json,854.0,21266.666667,3,38650.0,4.023402,541366.182528,222125.629967,55004.801891,111486.670432,99150.714839,90.594167
0263,design_explorer_data/kpf/Images/0263.png,design_explorer_data/kpf/Json/0263.json,728.0,25840.0,3,38650.0,4.023402,513901.384681,199604.814841,48813.111367,99666.738657,74570.632482,89.555833
0264,design_explorer_data/kpf/Images/0264.png,design_explorer_data/kpf/Json/0264.json,756.0,24561.702128,3,38650.0,4.023402,520369.609572,206073.039732,50430.16759,102900.851103,81646.484917,90.545
0265,design_explorer_data/kpf/Images/0265.png,design_explorer_data/kpf/Json/0265.json,812.0,22800.0,3,38650.0,4.023402,536869.352709,222572.782869,54555.103374,111150.722671,96696.166281,90.249167
0266,design_explorer_data/kpf/Images/0266.png,design_explorer_data/kpf/Json/0266.json,882.0,20614.285714,3,38650.0,4.023402,551203.61876,236907.048921,58138.669887,118317.855697,110101.573175,90.965833
0267,design_explorer_data/kpf/Images/0267.png,design_explorer_data/kpf/Json/0267.json,784.0,23387.755102,3,38650.0,4.023402,526837.834463,214811.250556,52765.195802,107761.273044,90560.853824,89.774167
0268,design_explorer_data/kpf/Images/0268.png,design_explorer_data/kpf/Json/0268.json,840.0,21781.132075,3,38650.0,4.023402,543337.5776,231310.993693,56890.131586,116011.144612,105426.416991,90.491667
0269,design_explorer_data/kpf/Images/0269.png,design_explorer_data/kpf/Json/0269.json,910.0,19758.62069,3,38650.0,4.023402,557671.843651,245645.259745,60473.698099,123178.277638,118171.379461,91.233333
0270,design_explorer_data/kpf/Images/0270.png,design_explorer_data/kpf/Json/0270.json,882.0,20485.714286,3,38650.0,4.023402,552842.922979,241167.225568,60035.247424,120358.188887,118088.993108,90.678333
0271,design_explorer_data/kpf/Images/0271.png,design_explorer_data/kpf/Json/0271.json,966.0,18619.354839,3,38650.0,4.023402,574171.586789,262495.889378,65367.413377,131022.520792,135183.645742,91.056667
0272,design_explorer_data/kpf/Images/0272.png,design_explorer_data/kpf/Json/0272.json,1036.0,17104.477612,3,38650.0,4.023402,588505.85284,280409.760151,68246.230665,140450.955622,155103.333244,90.7225
0273,design_explorer_data/kpf/Images/0273.png,design_explorer_data/kpf/Json/0273.json,700.0,27237.209302,3,38650.0,4.038818,507019.304659,192783.431342,47769.345819,96486.496119,66535.874534,89.3625
0274,design_explorer_data/kpf/Images/0274.png,design_explorer_data/kpf/Json/0274.json,728.0,26160.0,3,38650.0,4.038818,516856.740892,202620.867575,50228.704877,101405.214235,74432.616126,89.855
0275,design_explorer_data/kpf/Images/0275.png,design_explorer_data/kpf/Json/0275.json,756.0,24868.085106,3,38650.0,4.038818,523324.965783,209089.092466,51845.7611,104639.326681,81508.468561,90.77
0276,design_explorer_data/kpf/Images/0276.png,design_explorer_data/kpf/Json/0276.json,812.0,23082.352941,3,38650.0,4.038818,539824.70892,225588.835603,55970.696884,112889.19825,96558.149925,90.405833
0277,design_explorer_data/kpf/Images/0277.png,design_explorer_data/kpf/Json/0277.json,882.0,20871.428571,3,38650.0,4.038818,554158.974972,239923.101654,59554.263397,120056.331275,109963.55682,90.8775
0278,design_explorer_data/kpf/Images/0278.png,design_explorer_data/kpf/Json/0278.json,756.0,25174.468085,3,38650.0,4.038818,526694.177124,216211.429056,53025.318404,107730.517797,86972.719878,90.323333
0279,design_explorer_data/kpf/Images/0279.png,design_explorer_data/kpf/Json/0279.json,784.0,23975.510204,3,38650.0,4.038818,533162.402015,222679.653947,54642.374627,110964.630243,93533.650448,90.031667
0280,design_explorer_data/kpf/Images/0280.png,design_explorer_data/kpf/Json/0280.json,840.0,22324.528302,3,38650.0,4.038818,549662.145153,239179.397084,58767.310411,119214.501811,108399.213615,90.63
0281,design_explorer_data/kpf/Images/0281.png,design_explorer_data/kpf/Json/0281.json,910.0,20255.172414,3,38650.0,4.038818,563996.411204,253513.663135,62350.876924,126381.634837,121144.176084,91.325833
0282,design_explorer_data/kpf/Images/0282.png,design_explorer_data/kpf/Json/0282.json,812.0,22870.588235,3,38650.0,4.038818,539630.626906,230348.155133,56618.416845,115092.583502,102672.814518,90.559167
0283,design_explorer_data/kpf/Images/0283.png,design_explorer_data/kpf/Json/0283.json,868.0,21360.0,3,38650.0,4.038818,556130.370044,246847.89827,60743.352629,123342.45507,116576.206774,91.225
0284,design_explorer_data/kpf/Images/0284.png,design_explorer_data/kpf/Json/0284.json,938.0,19440.0,3,38650.0,4.038818,570464.636095,261182.164322,64326.919142,130509.588096,128870.529234,91.845
0285,design_explorer_data/kpf/Images/0285.png,design_explorer_data/kpf/Json/0285.json,910.0,20131.034483,3,38650.0,4.038818,565635.715423,255940.735102,63504.07872,127306.904415,129439.353577,91.309167
0286,design_explorer_data/kpf/Images/0286.png,design_explorer_data/kpf/Json/0286.json,994.0,18356.25,3,38650.0,4.038818,586964.379232,277269.398912,68836.244673,137971.23632,146101.467722,91.261667
0287,design_explorer_data/kpf/Images/0287.png,design_explorer_data/kpf/Json/0287.json,1064.0,16904.347826,3,38650.0,4.038818,601298.645284,295266.363458,72067.436573,147544.827278,165179.351631,91.499167
0288,design_explorer_data/kpf/Images/0288.png,design_explorer_data/kpf/Json/0288.json,770.0,24300.0,3,38650.0,4.03968,528075.798789,224271.263643,55154.972293,111847.365416,92821.782639,90.236667
0289,design_explorer_data/kpf/Images/0289.png,design_explorer_data/kpf/Json/0289.json,812.0,23152.941176,3,38650.0,4.03968,542999.838248,239195.303101,58885.982157,119309.385145,105396.393612,90.159167
0290,design_explorer_data/kpf/Images/0290.png,design_explorer_data/kpf/Json/0290.json,868.0,21621.818182,3,38650.0,4.03968,559499.581385,255695.046239,63010.917941,127559.256714,119299.785867,90.243333
0291,design_explorer_data/kpf/Images/0291.png,design_explorer_data/kpf/Json/0291.json,938.0,19680.0,3,38650.0,4.03968,573833.847436,270029.31229,66594.484454,134726.389739,131594.108328,90.813333
0292,design_explorer_data/kpf/Images/0292.png,design_explorer_data/kpf/Json/0292.json,840.0,22120.754717,3,38650.0,4.03968,549468.063139,246173.013598,60503.03838,123083.788669,114381.433899,90.626667
0293,design_explorer_data/kpf/Images/0293.png,design_explorer_data/kpf/Json/0293.json,896.0,20715.789474,3,38650.0,4.03968,565967.806276,262672.756735,64627.974164,131333.660238,128679.984803,91.3075
0294,design_explorer_data/kpf/Images/0294.png,design_explorer_data/kpf/Json/0294.json,966.0,18909.677419,3,38650.0,4.03968,580302.072328,277007.022787,68211.540677,138500.793264,140528.839118,91.585
0295,design_explorer_data/kpf/Images/0295.png,design_explorer_data/kpf/Json/0295.json,938.0,19560.0,3,38650.0,4.03968,575473.151655,271195.589943,67004.310509,135108.906071,140386.372732,91.300833
0296,design_explorer_data/kpf/Images/0296.png,design_explorer_data/kpf/Json/0296.json,1022.0,17890.909091,3,38650.0,4.03968,596801.815465,292524.253753,72336.476461,145773.237976,156618.534319,91.221667
0297,design_explorer_data/kpf/Images/0297.png,design_explorer_data/kpf/Json/0297.json,1092.0,16512.676056,3,38650.0,4.03968,611136.081516,309842.672354,75920.042974,154730.345345,174852.028703,91.675
0298,design_explorer_data/kpf/Images/0298.png,design_explorer_data/kpf/Json/0298.json,868.0,21163.636364,3,38650.0,4.045933,555936.28803,259752.19551,64404.577229,130555.061671,124347.391577,91.179167
0299,design_explorer_data/kpf/Images/0299.png,design_explorer_data/kpf/Json/0299.json,924.0,19871.186441,3,38650.0,4.045933,572436.031167,276251.938647,68529.513013,138804.93324,138457.636378,91.639167
0300,design_explorer_data/kpf/Images/0300.png,design_explorer_data/kpf/Json/0300.json,994.0,18187.5,3,38650.0,4.045933,586770.297219,290586.204698,72113.079526,145972.066266,149873.952204,91.658333
0301,design_explorer_data/kpf/Images/0301.png,design_explorer_data/kpf/Json/0301.json,966.0,18793.548387,3,38650.0,4.045933,581941.376546,284780.754578,70905.849358,142583.768707,149589.53364,91.675
0302,design_explorer_data/kpf/Images/0302.png,design_explorer_data/kpf/Json/0302.json,1050.0,17241.176471,3,38650.0,4.045933,603270.040356,306109.418388,76238.01531,153248.100612,165588.617428,91.843333
0303,design_explorer_data/kpf/Images/0303.png,design_explorer_data/kpf/Json/0303.json,1120.0,15945.205479,3,38650.0,4.045933,617604.306407,322225.900988,79821.581823,161407.365223,182791.191255,92.256667
0304,design_explorer_data/kpf/Images/0304.png,design_explorer_data/kpf/Json/0304.json,1022.0,17781.818182,3,38650.0,4.061026,598441.119683,308142.079014,77521.24182,154653.905987,168254.12385,91.425833
0305,design_explorer_data/kpf/Images/0305.png,design_explorer_data/kpf/Json/0305.json,1092.0,16411.267606,3,38650.0,4.061026,612775.385735,322476.345066,81104.808333,161821.039013,179004.823389,92.18
0306,design_explorer_data/kpf/Images/0306.png,design_explorer_data/kpf/Json/0306.json,1176.0,15225.974026,3,38650.0,4.061026,634104.049544,343805.008875,86436.974285,172485.370918,198945.886273,92.3725
0307,design_explorer_data/kpf/Images/0307.png,design_explorer_data/kpf/Json/0307.json,1260.0,14168.674699,3,38650.0,4.065122,654572.80824,376504.486029,92784.201241,189785.866176,226401.119145,92.544167
0308,design_explorer_data/kpf/Images/0308.png,design_explorer_data/kpf/Json/0308.json,714.0,26400.0,3,42000.0,3.986913,510112.612581,201882.354355,50044.076573,101035.957626,72033.140521,92.7125
0309,design_explorer_data/kpf/Images/0309.png,design_explorer_data/kpf/Json/0309.json,742.0,25382.608696,3,42000.0,3.986913,519950.048813,211719.790588,52503.435631,105954.675742,80740.459852,93.220833
0310,design_explorer_data/kpf/Images/0310.png,design_explorer_data/kpf/Json/0310.json,770.0,24150.0,3,42000.0,3.986913,526418.273704,218188.015479,54120.491853,109188.788188,87658.564329,93.554167
0311,design_explorer_data/kpf/Images/0311.png,design_explorer_data/kpf/Json/0311.json,826.0,22453.846154,3,42000.0,3.986913,542918.016841,234687.758616,58245.427638,117438.659756,102519.640454,93.736667
0312,design_explorer_data/kpf/Images/0312.png,design_explorer_data/kpf/Json/0312.json,896.0,20336.842105,3,42000.0,3.986913,557252.282893,249022.024667,61828.994151,124605.792782,115495.094791,94.038333
0313,design_explorer_data/kpf/Images/0313.png,design_explorer_data/kpf/Json/0313.json,770.0,24450.0,3,42000.0,3.986913,529787.485046,224804.470365,55131.421923,112116.585485,93109.319662,93.0675
0314,design_explorer_data/kpf/Images/0314.png,design_explorer_data/kpf/Json/0314.json,798.0,23304.0,3,42000.0,3.986913,536255.709937,231272.695256,56748.478146,115350.69793,99699.243617,93.224167
0315,design_explorer_data/kpf/Images/0315.png,design_explorer_data/kpf/Json/0315.json,854.0,21733.333333,3,42000.0,3.986913,552755.453074,247772.438393,60873.41393,123600.569499,113986.726483,93.783333
0316,design_explorer_data/kpf/Images/0316.png,design_explorer_data/kpf/Json/0316.json,924.0,19749.152542,3,42000.0,3.986913,567089.719125,262106.704445,64456.980443,130767.702525,126506.368948,94.375
0317,design_explorer_data/kpf/Images/0317.png,design_explorer_data/kpf/Json/0317.json,826.0,22246.153846,3,42000.0,3.986913,542723.934828,238596.707141,58545.027366,119302.782365,108664.350951,93.5275
0318,design_explorer_data/kpf/Images/0318.png,design_explorer_data/kpf/Json/0318.json,882.0,20807.142857,3,42000.0,3.986913,559223.677965,255096.450278,62669.96315,127552.653934,122959.611357,94.154167
0319,design_explorer_data/kpf/Images/0319.png,design_explorer_data/kpf/Json/0319.json,952.0,18963.934426,3,42000.0,3.986913,573557.944016,269430.71633,66253.529663,134719.786959,135028.613813,94.5025
0320,design_explorer_data/kpf/Images/0320.png,design_explorer_data/kpf/Json/0320.json,924.0,19627.118644,3,42000.0,3.986913,568729.023344,263807.290453,65238.494368,131325.506677,135050.089896,94.000833
0321,design_explorer_data/kpf/Images/0321.png,design_explorer_data/kpf/Json/0321.json,1008.0,17926.153846,3,42000.0,3.986913,590057.687154,285135.954263,70570.660321,141989.838582,151497.227763,93.955833
0322,design_explorer_data/kpf/Images/0322.png,design_explorer_data/kpf/Json/0322.json,1078.0,16525.714286,3,42000.0,3.986913,604391.953205,302889.497284,73978.039528,151351.039193,170152.916909,94.131667
0323,design_explorer_data/kpf/Images/0323.png,design_explorer_data/kpf/Json/0323.json,784.0,23608.163265,3,42000.0,3.986913,531169.106711,232727.07821,57268.925934,116075.2727,98971.465961,93.4225
0324,design_explorer_data/kpf/Images/0324.png,design_explorer_data/kpf/Json/0324.json,826.0,22523.076923,3,42000.0,3.986913,546093.146169,247651.117669,60999.935799,123537.292429,111373.832283,93.676667
0325,design_explorer_data/kpf/Images/0325.png,design_explorer_data/kpf/Json/0325.json,882.0,21064.285714,3,42000.0,3.986913,562592.889306,264150.860806,65124.871583,131787.163997,125669.09269,93.745833
0326,design_explorer_data/kpf/Images/0326.png,design_explorer_data/kpf/Json/0326.json,952.0,19200.0,3,42000.0,3.986913,576927.155358,278485.126858,68708.438096,138954.297023,137738.095146,94.041667
0327,design_explorer_data/kpf/Images/0327.png,design_explorer_data/kpf/Json/0327.json,854.0,21533.333333,3,42000.0,3.986913,552561.37106,254454.771428,62616.992022,127130.390869,120382.429696,93.9075
0328,design_explorer_data/kpf/Images/0328.png,design_explorer_data/kpf/Json/0328.json,910.0,20193.103448,3,42000.0,3.986913,569061.114197,270954.514565,66741.927806,135380.262438,134683.971962,94.503333
0329,design_explorer_data/kpf/Images/0329.png,design_explorer_data/kpf/Json/0329.json,980.0,18457.142857,3,42000.0,3.986913,583395.380249,285288.780617,70325.494319,142547.395463,146315.264067,94.391667
0330,design_explorer_data/kpf/Images/0330.png,design_explorer_data/kpf/Json/0330.json,952.0,19081.967213,3,42000.0,3.986913,578566.459576,279480.339135,69118.264151,139157.303088,146005.970144,94.693333
0331,design_explorer_data/kpf/Images/0331.png,design_explorer_data/kpf/Json/0331.json,1036.0,17480.597015,3,42000.0,3.986913,599895.123386,300809.002944,74450.430103,149821.634992,162023.155453,94.633333
0332,design_explorer_data/kpf/Images/0332.png,design_explorer_data/kpf/Json/0332.json,1106.0,16150.0,3,42000.0,3.986913,614229.389437,317526.453545,78033.996616,158379.820982,179839.626937,94.944167
0333,design_explorer_data/kpf/Images/0333.png,design_explorer_data/kpf/Json/0333.json,882.0,20614.285714,3,42000.0,3.994651,559029.595951,267511.783128,66344.474133,134434.85548,130167.082291,94.683333
0334,design_explorer_data/kpf/Images/0334.png,design_explorer_data/kpf/Json/0334.json,938.0,19380.0,3,42000.0,3.994651,575529.339088,284011.526265,70469.409917,142684.727049,144086.029627,95.138333
0335,design_explorer_data/kpf/Images/0335.png,design_explorer_data/kpf/Json/0335.json,1008.0,17760.0,3,42000.0,3.994651,589863.60514,298345.792316,74052.97643,149851.860075,155287.369174,95.048333
0336,design_explorer_data/kpf/Images/0336.png,design_explorer_data/kpf/Json/0336.json,980.0,18342.857143,3,42000.0,3.994651,585034.684467,292737.024112,72845.746262,146659.347024,155027.526832,94.694167
0337,design_explorer_data/kpf/Images/0337.png,design_explorer_data/kpf/Json/0337.json,1064.0,16852.173913,3,42000.0,3.994651,606363.348277,314065.687921,78177.912214,157323.678928,171024.024689,95.3275
0338,design_explorer_data/kpf/Images/0338.png,design_explorer_data/kpf/Json/0338.json,1134.0,15600.0,3,42000.0,3.994651,620697.614329,329583.788453,81761.478727,165084.02216,187599.7712,95.761667
0339,design_explorer_data/kpf/Images/0339.png,design_explorer_data/kpf/Json/0339.json,1036.0,17373.134328,3,42000.0,4.012905,601534.427605,315136.476772,79269.841259,158151.104866,173499.922169,95.001667
0340,design_explorer_data/kpf/Images/0340.png,design_explorer_data/kpf/Json/0340.json,1106.0,16050.0,3,42000.0,4.012905,615868.693656,329470.742824,82853.407772,165318.237892,184250.621707,95.615833
0341,design_explorer_data/kpf/Images/0341.png,design_explorer_data/kpf/Json/0341.json,1190.0,14907.692308,3,42000.0,4.012905,637197.357466,350799.406634,88185.573725,175982.569797,203761.732034,95.664167
0342,design_explorer_data/kpf/Images/0342.png,design_explorer_data/kpf/Json/0342.json,1274.0,13885.714286,3,42000.0,4.017865,657666.116161,382638.978673,94317.824402,192853.112498,231001.988628,96.108333
0343,design_explorer_data/kpf/Images/0343.png,design_explorer_data/kpf/Json/0343.json,812.0,22800.0,3,45150.0,4.10226,541006.542943,249638.707345,61496.833218,124531.087267,111655.187812,94.853333
0344,design_explorer_data/kpf/Images/0344.png,design_explorer_data/kpf/Json/0344.json,840.0,21781.132075,3,45150.0,4.10226,547474.767834,256106.932236,63113.889441,127765.199713,117543.448558,95.6275
0345,design_explorer_data/kpf/Images/0345.png,design_explorer_data/kpf/Json/0345.json,896.0,20400.0,3,45150.0,4.10226,563974.510971,272606.675374,67238.825225,136015.071281,131841.999462,95.825
0346,design_explorer_data/kpf/Images/0346.png,design_explorer_data/kpf/Json/0346.json,966.0,18619.354839,3,45150.0,4.10226,578308.777023,286940.941425,70822.391738,143182.204307,143690.853777,96.094167
0347,design_explorer_data/kpf/Images/0347.png,design_explorer_data/kpf/Json/0347.json,882.0,20871.428571,3,45150.0,4.10226,562398.807293,271014.662915,66844.899306,135221.783182,132382.609204,95.895
0348,design_explorer_data/kpf/Images/0348.png,design_explorer_data/kpf/Json/0348.json,938.0,19620.0,3,45150.0,4.10226,578898.55043,287514.406052,70969.83509,143471.654751,146301.55654,96.354167
0349,design_explorer_data/kpf/Images/0349.png,design_explorer_data/kpf/Json/0349.json,1008.0,17981.538462,3,45150.0,4.10226,593232.816481,301848.672104,74553.401603,150638.787776,157502.896088,96.266667
0350,design_explorer_data/kpf/Images/0350.png,design_explorer_data/kpf/Json/0350.json,980.0,18571.428571,3,45150.0,4.10226,588403.895809,296239.903899,73346.171435,147446.274725,157243.053745,95.800833
0351,design_explorer_data/kpf/Images/0351.png,design_explorer_data/kpf/Json/0351.json,1064.0,17060.869565,3,45150.0,4.10226,609732.559618,317568.567709,78678.337387,158110.60663,173239.551603,96.434167
0352,design_explorer_data/kpf/Images/0352.png,design_explorer_data/kpf/Json/0352.json,1134.0,15794.594595,3,45150.0,4.10226,624066.82567,333086.668241,82261.9039,165870.949861,189815.298114,96.8225
0353,design_explorer_data/kpf/Images/0353.png,design_explorer_data/kpf/Json/0353.json,910.0,20006.896552,3,45150.0,4.107243,568867.032184,283030.958363,70224.267942,142194.443098,141806.463717,96.5575
0354,design_explorer_data/kpf/Images/0354.png,design_explorer_data/kpf/Json/0354.json,966.0,18851.612903,3,45150.0,4.107243,585366.775321,299530.701501,74349.203726,150444.314667,155342.816124,96.599167
0355,design_explorer_data/kpf/Images/0355.png,design_explorer_data/kpf/Json/0355.json,1036.0,17319.402985,3,45150.0,4.107243,599701.041372,313864.967552,77932.770239,157611.447693,166114.203114,96.8675
0356,design_explorer_data/kpf/Images/0356.png,design_explorer_data/kpf/Json/0356.json,1008.0,17870.769231,3,45150.0,4.107243,594872.1207,308841.758053,76725.540071,155002.69853,165903.513216,96.410833
0357,design_explorer_data/kpf/Images/0357.png,design_explorer_data/kpf/Json/0357.json,1092.0,16461.971831,3,45150.0,4.107243,616200.78451,330170.421863,82057.706023,165667.030435,181900.011073,97.151667
0358,design_explorer_data/kpf/Images/0358.png,design_explorer_data/kpf/Json/0358.json,1162.0,15268.421053,3,45150.0,4.107243,630535.050561,344507.273846,85641.272536,172836.749392,197025.228196,97.319167
0359,design_explorer_data/kpf/Images/0359.png,design_explorer_data/kpf/Json/0359.json,1064.0,16956.521739,3,45150.0,4.113057,611371.863837,329125.272289,82767.040139,165145.502624,183991.518806,96.8025
0360,design_explorer_data/kpf/Images/0360.png,design_explorer_data/kpf/Json/0360.json,1134.0,15697.297297,3,45150.0,4.113057,625706.129888,343459.53834,86350.606651,172312.63565,194742.218345,97.25
0361,design_explorer_data/kpf/Images/0361.png,design_explorer_data/kpf/Json/0361.json,1218.0,14610.0,3,45150.0,4.113057,647034.793698,364788.20215,91682.772604,182976.967555,213393.423558,97.46
0362,design_explorer_data/kpf/Images/0362.png,design_explorer_data/kpf/Json/0362.json,1302.0,13632.55814,3,45150.0,4.113611,667503.552394,394907.963961,97385.070724,198987.605142,240203.727594,97.700833
0363,design_explorer_data/kpf/Images/0363.png,design_explorer_data/kpf/Json/0363.json,952.0,19200.0,3,48800.0,4.257351,583094.844693,306309.721217,76043.958655,153833.824525,159265.535858,99.469167
0364,design_explorer_data/kpf/Images/0364.png,design_explorer_data/kpf/Json/0364.json,994.0,18131.25,3,48800.0,4.257351,591835.000212,315049.876736,78228.997535,158203.902285,166596.611259,99.316667
0365,design_explorer_data/kpf/Images/0365.png,design_explorer_data/kpf/Json/0365.json,1064.0,16695.652174,3,48800.0,4.257351,606169.266263,329384.142788,81812.564048,165371.035311,177347.310797,99.894167
0366,design_explorer_data/kpf/Images/0366.png,design_explorer_data/kpf/Json/0366.json,1036.0,17211.940298,3,48800.0,4.257351,601340.345591,324555.222115,80605.33388,162956.574974,176777.704783,99.550833
0367,design_explorer_data/kpf/Images/0367.png,design_explorer_data/kpf/Json/0367.json,1120.0,15895.890411,3,48800.0,4.257351,622669.009401,345883.885925,85937.499832,173620.906879,192774.20264,99.9975
0368,design_explorer_data/kpf/Images/0368.png,design_explorer_data/kpf/Json/0368.json,1190.0,14769.230769,3,48800.0,4.257351,637003.275452,360218.151977,89521.066345,180788.039905,207039.514649,100.138333
0369,design_explorer_data/kpf/Images/0369.png,design_explorer_data/kpf/Json/0369.json,1092.0,16360.56338,3,48800.0,4.258034,617840.088728,343501.74805,86264.239018,172139.900383,194870.795688,99.938333
0370,design_explorer_data/kpf/Images/0370.png,design_explorer_data/kpf/Json/0370.json,1162.0,15173.68421,3,48800.0,4.258034,632174.35478,357836.014101,89847.805531,179307.033408,205621.495227,100.413333
0371,design_explorer_data/kpf/Images/0371.png,design_explorer_data/kpf/Json/0371.json,1246.0,14151.219512,3,48800.0,4.258034,653503.018589,379164.677911,95179.971483,189971.365313,223612.256015,100.583333
0372,design_explorer_data/kpf/Images/0372.png,design_explorer_data/kpf/Json/0372.json,1330.0,13227.272727,3,48800.0,4.258034,673971.777285,407567.215425,100452.317046,205122.097786,249795.732736,100.935
0373,design_explorer_data/kpf/Images/0373.png,design_explorer_data/kpf/Json/0373.json,1148.0,15600.0,3,52775.0,4.355843,634339.831865,371091.658838,93258.636776,186128.695899,215466.308718,101.948333
0374,design_explorer_data/kpf/Images/0374.png,design_explorer_data/kpf/Json/0374.json,1218.0,14520.0,3,52775.0,4.355843,648674.097917,385425.924889,96842.203289,193295.828925,226217.008257,102.229167
0375,design_explorer_data/kpf/Images/0375.png,design_explorer_data/kpf/Json/0375.json,1288.0,13567.058823,3,52775.0,4.355843,663008.363968,399760.190941,100425.769802,200462.96195,238286.010713,102.433333
0376,design_explorer_data/kpf/Images/0376.png,design_explorer_data/kpf/Json/0376.json,1386.0,12743.478261,3,52775.0,4.355843,690471.520422,431761.466592,106586.80969,217414.356457,267832.217875,102.846667
0377,design_explorer_data/kpf/Images/0377.png,design_explorer_data/kpf/Json/0377.json,1456.0,12000.0,3,56850.0,4.417775,704805.786473,462387.383046,114254.925495,232727.314684,290813.291907,105.025833
0378,design_explorer_data/kpf/Images/0378.png,design_explorer_data/kpf/Json/0378.json,644.0,30000.0,2,38650.0,4.081724,488039.896372,165901.599851,42031.099597,84062.199194,49305.712989,87.301667
0379,design_explorer_data/kpf/Images/0379.png,design_explorer_data/kpf/Json/0379.json,658.0,29010.0,2,38650.0,4.081724,491133.204294,169019.931169,42804.426577,85608.853155,51790.744307,88.4275
0380,design_explorer_data/kpf/Images/0380.png,design_explorer_data/kpf/Json/0380.json,686.0,27771.428571,2,38650.0,4.081724,500970.640526,179044.31159,45263.785635,90527.571271,56897.564554,89.015833
0381,design_explorer_data/kpf/Images/0381.png,design_explorer_data/kpf/Json/0381.json,714.0,26318.181818,2,38650.0,4.081724,507438.865417,185510.724394,46880.841858,93761.683716,62133.28127,89.710833
0382,design_explorer_data/kpf/Images/0382.png,design_explorer_data/kpf/Json/0382.json,770.0,24300.0,2,38650.0,4.081724,523938.608554,202204.457222,51005.777642,102011.555285,77941.870634,89.729167
0383,design_explorer_data/kpf/Images/0383.png,design_explorer_data/kpf/Json/0383.json,840.0,21849.056604,2,38650.0,4.081724,538272.874606,216538.723273,54589.344155,109178.688311,93411.704574,89.3975
0384,design_explorer_data/kpf/Images/0384.png,design_explorer_data/kpf/Json/0384.json,672.0,28068.292683,2,38650.0,4.081724,494226.512215,176489.935126,43978.127897,89054.200652,56916.4302,88.828333
0385,design_explorer_data/kpf/Images/0385.png,design_explorer_data/kpf/Json/0385.json,700.0,26902.325581,2,38650.0,4.081724,504063.948447,186327.371358,46437.486955,93972.918768,61675.529147,89.465
0386,design_explorer_data/kpf/Images/0386.png,design_explorer_data/kpf/Json/0386.json,728.0,25520.0,2,38650.0,4.081724,510532.173339,192795.596249,48054.543178,97207.031214,68290.918735,89.755833
0387,design_explorer_data/kpf/Images/0387.png,design_explorer_data/kpf/Json/0387.json,784.0,23608.163265,2,38650.0,4.081724,527031.916476,209295.339386,52179.478962,105456.902782,83910.90286,89.745
0388,design_explorer_data/kpf/Images/0388.png,design_explorer_data/kpf/Json/0388.json,854.0,21266.666667,2,38650.0,4.081724,541366.182527,223629.605438,55763.045475,112624.035808,98950.784244,90.095833
0389,design_explorer_data/kpf/Images/0389.png,design_explorer_data/kpf/Json/0389.json,728.0,25840.0,2,38650.0,4.081724,513901.38468,197480.966208,49581.821782,99090.205845,70909.363019,89.7875
0390,design_explorer_data/kpf/Images/0390.png,design_explorer_data/kpf/Json/0390.json,756.0,24561.702128,2,38650.0,4.081724,520369.609571,203949.191099,51198.878005,102324.318291,78166.520538,89.9425
0391,design_explorer_data/kpf/Images/0391.png,design_explorer_data/kpf/Json/0391.json,812.0,22800.0,2,38650.0,4.081724,536869.352708,220448.934237,55323.813789,110574.18986,93797.273564,90.300833
0392,design_explorer_data/kpf/Images/0392.png,design_explorer_data/kpf/Json/0392.json,882.0,20614.285714,2,38650.0,4.081724,551203.61876,234783.200288,58907.380302,117741.322885,107977.249834,90.6775
0393,design_explorer_data/kpf/Images/0393.png,design_explorer_data/kpf/Json/0393.json,784.0,23387.755102,2,38650.0,4.081724,526837.834462,212281.301676,52765.195802,107567.283353,86672.977111,90.106667
0394,design_explorer_data/kpf/Images/0394.png,design_explorer_data/kpf/Json/0394.json,840.0,21781.132075,2,38650.0,4.081724,543337.577599,228781.044813,56890.131586,115817.154922,102507.591322,90.540833
0395,design_explorer_data/kpf/Images/0395.png,design_explorer_data/kpf/Json/0395.json,910.0,19758.62069,2,38650.0,4.081724,557671.843651,243115.310865,60473.698099,122984.287948,115835.420272,90.799167
0396,design_explorer_data/kpf/Images/0396.png,design_explorer_data/kpf/Json/0396.json,882.0,20485.714286,2,38650.0,4.081724,552842.922978,240382.286494,59258.092118,120552.477714,117304.054034,90.596667
0397,design_explorer_data/kpf/Images/0397.png,design_explorer_data/kpf/Json/0397.json,966.0,18619.354839,2,38650.0,4.081724,574171.586788,261710.950303,64590.25807,131216.809618,134398.706668,90.710833
0398,design_explorer_data/kpf/Images/0398.png,design_explorer_data/kpf/Json/0398.json,1036.0,17104.477612,2,38650.0,4.081724,588505.852839,279824.281766,69013.042245,140067.549832,154326.151965,90.3975
0399,design_explorer_data/kpf/Images/0399.png,design_explorer_data/kpf/Json/0399.json,700.0,27237.209302,2,38650.0,4.082371,507019.304659,194299.918511,48527.589404,97813.422392,66156.752742,89.31
0400,design_explorer_data/kpf/Images/0400.png,design_explorer_data/kpf/Json/0400.json,728.0,26160.0,2,38650.0,4.082371,516856.740891,204137.354743,50986.948462,102732.140508,72518.690211,89.9925
0401,design_explorer_data/kpf/Images/0401.png,design_explorer_data/kpf/Json/0401.json,756.0,24868.085106,2,38650.0,4.082371,523324.965782,210605.579634,52604.004684,105966.252953,79775.84773,89.701667
0402,design_explorer_data/kpf/Images/0402.png,design_explorer_data/kpf/Json/0402.json,812.0,23082.352941,2,38650.0,4.082371,539824.708919,227105.322771,56728.940469,114216.124522,95406.600757,90.351667
0403,design_explorer_data/kpf/Images/0403.png,design_explorer_data/kpf/Json/0403.json,882.0,20871.428571,2,38650.0,4.082371,554158.974971,241439.588823,60312.506982,121383.257548,109586.577026,90.6725
0404,design_explorer_data/kpf/Images/0404.png,design_explorer_data/kpf/Json/0404.json,756.0,25174.468085,2,38650.0,4.082371,526694.177123,214289.653017,53788.795404,107153.984985,82750.04601,89.601667
0405,design_explorer_data/kpf/Images/0405.png,design_explorer_data/kpf/Json/0405.json,784.0,23975.510204,2,38650.0,4.082371,533162.402015,220757.877908,55405.851627,110388.097431,89680.835094,90.350833
0406,design_explorer_data/kpf/Images/0406.png,design_explorer_data/kpf/Json/0406.json,840.0,22324.528302,2,38650.0,4.082371,549662.145152,237257.621045,59530.787411,118637.969,105515.449304,90.720833
0407,design_explorer_data/kpf/Images/0407.png,design_explorer_data/kpf/Json/0407.json,910.0,20255.172414,2,38650.0,4.082371,563996.411203,251591.887097,63114.353924,125805.102025,118843.278254,90.934167
0408,design_explorer_data/kpf/Images/0408.png,design_explorer_data/kpf/Json/0408.json,812.0,22870.588235,2,38650.0,4.082371,539630.626906,228408.258228,56997.538637,114898.593811,98995.867988,90.125833
0409,design_explorer_data/kpf/Images/0409.png,design_explorer_data/kpf/Json/0409.json,868.0,21360.0,2,38650.0,4.082371,556130.370043,244908.001365,61122.474421,123148.46538,114450.878631,90.75
0410,design_explorer_data/kpf/Images/0410.png,design_explorer_data/kpf/Json/0410.json,938.0,19440.0,2,38650.0,4.082371,570464.636094,259242.267417,64706.040934,130315.598405,126939.489919,90.805
0411,design_explorer_data/kpf/Images/0411.png,design_explorer_data/kpf/Json/0411.json,910.0,20131.034483,2,38650.0,4.082371,565635.715422,255357.868622,63494.622859,127112.615588,128477.365305,90.938333
0412,design_explorer_data/kpf/Images/0412.png,design_explorer_data/kpf/Json/0412.json,994.0,18356.25,2,38650.0,4.082371,586964.379232,276686.532432,68826.788812,137776.947493,145331.182345,90.774167
0413,design_explorer_data/kpf/Images/0413.png,design_explorer_data/kpf/Json/0413.json,1064.0,16904.347826,2,38650.0,4.082371,601298.645283,294116.146087,72829.964156,146778.015697,164225.121153,91.09
